Avg_sim_depth,Max_sim_depth,Max_node_depth,Avg_sim_points,Max_sim_points,Board_points
131.53,396,6,116.8,512,2
140.07,251,4,120,256,4
141.4,258,4,130.13,256,4
128.38,203,3,116.92,256,4
131.11,269,4,118.65,256,4
127.88,192,5,112.56,256,8
123.46,338,4,112.72,512,8
124.88,253,5,115.2,256,8
120.87,229,6,106.95,256,8
116.73,209,5,102.55,256,8
124.64,251,6,116.48,256,8
117.27,264,4,103.48,256,8
121.69,229,5,116.36,256,8
114.28,247,5,101.27,256,16
116.54,258,5,105.78,256,16
119.8,267,5,114.06,256,16
110.45,259,6,110.42,256,16
112.86,220,5,113.48,256,16
113.99,224,7,111.43,256,16
113.48,254,7,111.85,256,16
115.77,290,5,120.73,512,16
108.22,222,5,108.12,256,16
107.56,247,6,106.79,256,32
104.73,238,7,107.5,256,32
112.57,246,6,113.41,256,32
109.57,238,6,114.12,256,32
104.8,228,6,114.36,256,32
106.9,241,6,115.29,256,32
98.33,250,6,109.05,256,32
98.71,244,6,107.49,256,32
96.46,242,6,107.01,256,32
107.2,246,6,117.07,256,32
96.98,230,5,110.88,256,32
101.6,222,7,117.6,256,32
98.09,237,8,112.66,256,32
90.2,214,8,106.46,256,32
91.32,197,9,107.91,256,32
90.78,210,8,114.62,256,32
95.69,231,9,118.65,256,32
95.07,193,8,117.4,256,32
100.67,248,6,123.35,256,32
95.62,208,5,121.3,256,32
95.57,299,6,119.22,512,32
94.62,231,6,124.49,256,64
93.15,234,7,121.49,256,64
90.7,238,6,120.51,256,64
90.8,205,6,120.45,256,64
83.42,214,7,113.26,256,64
91.24,230,6,122.24,256,64
87.76,282,6,118.6,512,64
85.56,216,7,117.73,256,64
82.86,194,6,119.42,256,64
82.07,225,8,117.23,256,64
82.98,236,7,117.96,256,64
78.95,284,9,117.23,256,64
84.72,218,7,127.1,256,64
75.83,195,7,114.29,256,64
71.61,203,8,110.78,256,64
87.26,213,13,137.76,256,64
81.3,200,6,126.65,256,64
82.6,201,7,129.55,256,64
77.13,200,7,123.27,256,64
75.38,223,8,121.86,256,64
74.47,218,8,121.14,256,64
72.29,176,7,118.13,256,64
76.91,214,11,131.28,256,64
71.48,217,6,121.89,256,64
80.53,227,10,135.05,512,64
80.78,209,8,135.66,256,64
84.43,218,9,143.69,256,64
81.89,207,8,144.24,256,64
78.01,190,6,137.05,256,64
78.99,205,8,144.3,256,64
83.54,201,8,148.64,256,64
80.93,171,8,149.12,256,64
81.4,192,7,147.69,256,64
79.58,191,7,145.4,256,64
77.85,193,8,147.32,256,128
79.38,210,7,146.88,256,128
76.17,206,7,146.11,256,128
73.94,210,9,147.03,256,128
71.4,194,8,144.21,256,128
73.44,254,7,149.15,512,128
75.53,191,6,150.82,256,128
76.83,251,6,152,256,128
69.49,178,6,148.36,256,128
70.1,186,7,147.57,256,128
66.85,193,7,147.2,256,128
70.16,197,6,152.06,256,128
66.31,204,7,145.07,256,128
68.17,187,7,150.86,256,128
66.92,232,9,149.85,256,128
63.13,214,8,146.43,512,128
67.56,188,7,150.56,256,128
66.31,191,8,152.77,256,128
61.41,184,8,143.75,256,128
62.74,189,7,150.14,256,128
65.58,196,8,152.43,256,128
65.09,173,8,154.2,256,128
60.33,206,7,152.09,256,128
58.53,178,7,150.76,256,128
61.87,270,9,155.46,512,128
61.02,235,9,151.18,512,128
57.87,175,7,149.09,256,128
63.96,177,9,158.04,256,128
60.83,178,8,152.71,256,128
60.78,170,7,154.27,256,128
64.32,194,8,160,512,128
55.79,185,8,152.81,256,128
61.71,177,7,161.92,256,128
59.62,227,7,156.98,512,128
57.72,167,8,157.65,256,128
57.51,172,6,158.5,256,128
57.63,177,7,161.15,256,128
60.81,222,7,166.22,512,128
58.8,191,7,163.82,512,128
62.21,235,7,170.98,512,128
53.23,185,7,157.09,256,128
55.09,158,6,162.31,256,128
52.84,158,7,162.13,256,128
55.27,168,7,163.51,256,128
52.26,195,8,164.83,512,128
51.29,153,8,160.22,256,128
63,234,11,184.89,256,128
49.55,156,8,161.71,256,128
56.87,185,10,178.44,256,128
64.64,221,12,197.49,512,128
74.6,169,10,211.67,256,128
67.76,161,11,209.2,256,128
75.19,202,8,232.16,512,128
79.5,163,9,244.62,256,128
81.71,212,9,251.77,512,128
78.54,172,7,242.89,256,128
79.91,199,8,250.05,512,128
79.34,232,9,256,512,128
84.82,159,7,251.17,256,128
77.22,235,6,256.65,512,128
79.18,192,7,256,512,256
79.46,215,5,258.4,512,256
77.13,269,7,257.21,512,256
78.42,152,6,256,256,256
76.14,158,6,256,256,256
75,185,7,257.15,512,256
71.56,158,5,256,256,256
71.03,152,7,256,256,256
70.54,248,7,257.08,512,256
72.28,143,6,256,256,256
71.52,238,6,259.28,512,256
69.03,204,6,257.08,512,256
68.61,141,6,256,256,256
68.11,205,5,256,256,256
68.46,167,7,257.04,512,256
66.23,153,6,257.04,512,256
63.86,132,6,256,256,256
60.9,153,9,256,256,256
62.73,150,8,256,256,256
60.9,186,7,256,256,256
64.57,204,6,258.87,512,256
61.01,145,7,256,256,256
63.2,237,7,257.92,512,256
63.7,173,8,256,256,256
59.93,193,8,256.99,512,256
62.94,181,7,256.94,512,256
65.99,239,7,257.95,512,256
64.17,192,6,258.02,512,256
61,142,6,256,256,256
63.02,194,6,257.91,512,256
58.39,141,6,256,256,256
56.94,183,6,256.93,512,256
58.41,128,5,256,256,256
57.19,149,6,256.93,512,256
54.95,175,7,257.84,512,256
57.07,159,6,256.9,512,256
53.65,165,6,256.92,512,256
53.68,137,7,256.88,512,256
53.69,145,8,257.77,512,256
52.29,161,7,256.89,512,256
52.84,156,7,257.74,512,256
54.38,152,6,256,256,256
54.49,245,6,258.68,512,256
48.36,175,7,258.68,512,256
48.73,133,6,256.84,512,256
49.47,189,6,257.68,512,256
47.75,132,6,256.85,512,256
47.93,167,7,260.17,512,256
46.24,137,6,256,256,256
44.48,145,7,257.64,512,256
42.4,157,7,256.81,512,256
41.59,101,6,256,256,256
40.35,159,8,257.57,512,256
41.51,208,7,256.78,512,256
48.31,195,10,257.57,512,256
48.75,163,8,256.84,512,256
54.36,156,9,260.21,512,256
56.07,217,9,260.46,512,256
51.47,193,7,259.63,512,256
47.24,162,9,256.86,512,256
53.47,131,9,258.49,512,256
52.81,163,9,259.53,512,256
53.41,210,9,258.63,512,256
54.98,186,7,258.65,512,256
54.77,136,7,259.58,512,256
53.85,191,6,264.06,512,256
52.75,187,6,263.97,512,256
50.28,126,6,256.88,512,256
51.85,188,7,265.39,512,256
50.73,144,8,257.74,512,256
47.49,176,6,258.58,512,256
49.42,169,6,260.16,512,256
49.05,204,6,261.93,512,256
44.73,128,7,256.84,512,256
44.27,164,6,259.24,512,256
45.79,188,10,259.22,512,256
44.31,141,8,258.45,512,256
44.46,138,7,258.42,512,256
43.79,160,6,260.04,512,256
43.97,131,6,259.21,512,256
44.77,149,7,264.03,512,256
40.39,124,6,257.62,512,256
42.18,137,7,259.89,512,256
43.69,168,10,263.11,512,256
41.41,229,8,264.03,512,256
42.15,132,10,266.21,512,256
36.11,120,9,258.37,512,256
38.85,158,9,263.49,512,256
39.57,117,7,260.6,512,256
41.37,167,8,264.48,512,256
38.36,131,7,263.07,512,256
37.82,184,7,262.88,512,256
44.21,171,7,272.71,512,256
36.56,160,9,260.83,512,256
35.79,159,7,266.51,512,256
35.01,176,9,264.21,512,256
35.03,179,9,262.68,512,256
33.49,143,8,263.42,512,256
38.2,125,11,267.7,512,256
38.6,174,7,268.19,512,256
38.21,137,6,267.46,512,256
35.36,151,8,265.14,512,256
34.25,155,8,264.19,512,256
34.33,162,10,272.18,512,256
33.8,138,9,267.8,512,256
36.86,161,10,274.34,512,256
36.96,151,7,274.07,512,256
37.65,161,8,276.33,512,256
36.59,178,8,280.24,512,256
37.96,155,7,283.03,512,256
36.53,137,7,281.83,512,256
39.52,155,8,290.53,512,256
40.04,156,7,297.64,512,256
39.65,159,9,297.89,512,256
36.33,184,7,293.78,512,256
33.78,165,10,285.94,512,256
30.76,161,7,278.01,512,256
32.38,179,7,288.18,512,256
31.49,154,8,285.73,512,256
59.01,174,13,405.57,512,256
33.61,154,13,306.64,512,256
31.26,153,9,291.84,512,256
31.63,171,12,288.99,512,256
33.78,165,11,289.8,512,256
48.95,169,16,372.63,512,256
52.69,202,18,392.42,512,256
45.61,158,16,351.56,512,256
64.66,181,13,463.08,512,256
64.11,149,14,467.18,512,256
67.39,161,12,461.4,512,256
67.61,137,10,477.94,512,256
65.13,139,11,482.06,512,256
64.81,140,10,470.84,512,256
66.26,192,11,460,512,256
70.16,144,10,496.76,512,256
71.34,214,8,498.13,512,256
70.84,175,8,507.66,512,256
69.01,154,7,510.92,512,512
67.26,149,7,512,512,512
69.21,160,6,512,512,512
67.37,142,5,512,512,512
67.59,192,6,512,512,512
67.81,168,7,512,512,512
65.55,142,8,512,512,512
64.9,176,7,512,512,512
63.24,170,6,512,512,512
60.99,135,6,512,512,512
61,146,6,512,512,512
59.49,165,6,512,512,512
59.83,133,6,512,512,512
57.39,157,7,512,512,512
62.64,148,8,512,512,512
56.63,146,7,512,512,512
58.75,146,9,512,512,512
55.36,180,8,512,512,512
57.16,175,8,512,512,512
56.69,158,9,512,512,512
52.66,152,9,512,512,512
51.76,148,7,512,512,512
57.23,154,8,512,512,512
54.45,146,8,512,512,512
55.03,164,7,512,512,512
58.05,127,6,512,512,512
54.98,120,6,512,512,512
54.94,132,6,512,512,512
53.96,144,6,512,512,512
53.71,144,6,512,512,512
50.2,162,8,512,512,512
52,147,7,512,512,512
51.52,128,7,512,512,512
52.23,157,6,512,512,512
50.93,122,8,512,512,512
49.86,157,7,512,512,512
49.89,172,6,512,512,512
47.94,135,7,512,512,512
47.22,167,6,512,512,512
45.35,132,6,512,512,512
48.12,131,6,512,512,512
46.55,137,6,512,512,512
44.89,140,6,512,512,512
44.42,121,6,512,512,512
43.98,187,10,512,512,512
38.74,153,7,512,512,512
36.24,138,7,512,512,512
38.3,131,9,512,512,512
37.25,97,9,512,512,512
48.39,147,11,512,512,512
44.6,164,10,512,512,512
44.62,134,9,512,512,512
49.59,140,10,512,512,512
51.15,144,9,512,512,512
49.88,115,8,512,512,512
49.51,129,8,512,512,512
53.23,116,8,512,512,512
49.34,134,8,512,512,512
48.82,149,7,512,512,512
49.65,135,6,512,512,512
48.91,164,6,512,512,512
47.71,127,6,512,512,512
46.26,137,6,512,512,512
47.29,127,7,512,512,512
45.77,156,7,512,512,512
46.77,135,7,512,512,512
43.55,138,9,512,512,512
42.24,137,6,512,512,512
41.12,147,9,512,512,512
37.12,124,8,512,512,512
39.42,124,8,512,512,512
36.07,118,7,512,512,512
37.79,104,11,512,512,512
37.44,122,10,512,512,512
34.24,120,9,512,512,512
38.06,134,11,512,512,512
42.26,115,11,512,512,512
35.11,113,11,512,512,512
38.93,118,11,512,512,512
39.11,123,12,512,512,512
35.51,121,7,512,512,512
36.18,117,8,512,512,512
38.24,112,9,512,512,512
38.19,159,8,512,512,512
37.78,114,9,512,512,512
36.8,109,9,512,512,512
37.1,125,8,512,512,512
37.4,155,8,512,512,512
36.26,124,7,512,512,512
37.35,124,7,512,512,512
34.68,124,7,512,512,512
35.5,121,7,512,512,512
35.65,123,7,512,512,512
32.68,147,6,512,512,512
34.31,114,7,512,512,512
31.83,111,10,512,512,512
33.16,100,9,512,512,512
33.34,124,8,512,512,512
31.6,125,8,512,512,512
31.95,117,7,512,512,512
32.55,141,8,512,512,512
31.74,100,7,512,512,512
32.2,132,8,512,512,512
28.4,131,9,512,512,512
25.92,135,9,512,512,512
28.39,134,10,512,512,512
27.78,107,8,512,512,512
27.04,104,8,512,512,512
28.75,135,10,512,512,512
25.99,105,8,512,512,512
32.18,119,10,512,512,512
25.15,116,7,512,512,512
24.07,87,7,512,512,512
33.8,109,14,512,512,512
24.27,97,10,512,512,512
28.71,102,11,512,512,512
44.51,145,13,512,512,512
46.77,126,12,512,512,512
47.52,128,12,512,512,512
46.39,133,10,512,512,512
37.82,114,11,512,512,512
46.2,105,10,512,512,512
45.51,115,9,512,512,512
47.55,102,7,512,512,512
45.82,107,8,512,512,512
47.91,121,7,512,512,512
46.82,98,6,512,512,512
45.78,116,6,512,512,512
46.65,119,6,512,512,512
43.75,98,7,512,512,512
46.11,126,7,512,512,512
45.43,117,8,512,512,512
42.04,122,7,512,512,512
41.04,105,7,512,512,512
43.32,105,7,512,512,512
42.12,121,7,512,512,512
41.71,107,6,512,512,512
39.74,98,6,512,512,512
40.82,97,11,512,512,512
37.04,102,7,512,512,512
37.3,111,7,512,512,512
37.3,98,7,512,512,512
36.12,105,7,512,512,512
37.8,105,8,512,512,512
37.38,99,8,512,512,512
37.9,108,9,512,512,512
39.92,105,8,512,512,512
38.14,116,7,512,512,512
35.5,101,8,512,512,512
35.53,100,7,512,512,512
34.2,117,8,512,512,512
33.7,99,8,512,512,512
31.28,87,7,512,512,512
32.78,88,7,512,512,512
31.96,82,7,512,512,512
30.74,102,7,512,512,512
32.05,96,7,512,512,512
32.46,88,8,512,512,512
28.34,96,7,512,512,512
30.63,84,10,512,512,512
29.95,90,8,512,512,512
27.54,92,7,512,512,512
29.27,92,6,512,512,512
29.85,94,9,512,512,512
29.61,83,9,512,512,512
28.6,84,8,512,512,512
28.82,81,8,512,512,512
28.21,83,7,512,512,512
28.05,86,7,512,512,512
27.11,87,7,512,512,512
25.88,76,6,512,512,512
25.79,77,11,512,512,512
24.14,75,7,512,512,512
22.61,88,6,512,512,512
21.3,81,7,512,512,512
28.59,83,14,512,512,512
19.92,76,7,512,512,512
19.78,68,9,512,512,512
28.8,81,14,512,512,512
30.29,69,13,512,512,512
28,84,13,512,512,512
21.68,71,7,512,512,512
22.62,72,7,512,512,512
24.06,86,9,512,512,512
26.17,70,9,512,512,512
23.8,74,10,512,512,512
23.04,72,8,512,512,512
21.8,69,10,512,512,512
25.94,78,11,512,512,512
27.74,77,12,512,512,512
24.51,72,9,512,512,512
30.55,160,10,513.36,1024,512
27.18,117,8,513.43,1024,512
29.49,70,9,512,512,512
28.84,95,10,513.41,1024,512
29.32,67,7,512,512,512
28.04,72,7,512,512,512
28.28,138,7,513.4,1024,512
27.82,87,7,512,512,512
27.44,94,8,512,512,512
27.46,144,7,513.39,1024,512
26.43,104,7,513.39,1024,512
25.71,90,7,512,512,512
24.11,55,7,512,512,512
23.9,57,7,512,512,512
25.32,62,6,512,512,512
23.58,113,7,513.37,1024,512
27,80,11,512,512,512
29.02,129,10,513.38,1024,512
27.72,147,8,513.41,1024,512
29.28,144,10,516.19,1024,512
22.9,68,12,512,512,512
22.73,104,11,514.68,1024,512
24.27,63,10,512,512,512
25.48,61,8,512,512,512
24.56,144,9,513.37,1024,512
23.78,92,8,513.36,1024,512
23.11,126,9,514.7,1024,512
23.54,93,9,512,512,512
24.51,140,7,518.74,1024,512
22.95,128,8,516.07,1024,512
22.72,164,8,516.02,1024,512
19.5,58,7,512,512,512
18.84,104,7,512,512,512
18.36,136,9,515.9,1024,512
19.82,192,11,518.48,1024,512
17.12,136,10,514.62,1024,512
15.8,118,10,514.57,1024,512
16.08,124,7,515.81,1024,512
14.65,69,8,512,512,512
12.74,52,8,512,512,512
15.6,97,9,518.21,1024,512
13.05,61,8,512,512,512
14.45,90,14,519.47,1024,512
12.6,52,10,512,512,512
13.63,104,9,515.72,1024,512
14.63,126,8,515.75,1024,512
16.07,116,10,522.06,1024,512
13.84,118,8,518.37,1024,512
13.63,108,10,519.51,1024,512
11.99,62,9,513.25,1024,512
11.95,148,10,513.23,1024,512
12.82,102,10,514.47,1024,512
11.68,86,8,516.97,1024,512
17.54,146,14,550.25,1024,512
40.43,144,17,748.7,1024,512
31.95,151,18,686.3,1024,512
60.71,153,16,918.72,1024,512
12.77,113,8,519.64,1024,512
46.91,147,20,833.86,1024,512
28.57,124,17,647.43,1024,512
39.46,150,18,756.08,1024,512
9.23,69,7,521.25,1024,512
11.7,132,12,531.37,1024,512
36.6,146,19,764.92,1024,512
6.42,61,8,509,512,512
4.67,20,7,500.12,512,512
5.1,21,8,497.91,512,512
4.94,75,15,488.46,1024,512
24.99,121,23,669.36,1024,512
8.39,92,14,513.36,1024,512
17.53,151,19,566.21,1024,512
6.38,41,9,505.57,512,512
7.59,59,10,510.81,1024,512
21.79,130,17,651.96,1024,512
5.11,74,10,486.73,1024,512
27.2,144,21,714.67,1024,512
8.19,102,19,516.17,1024,512
3.44,13,11,491.47,512,512
3.89,29,10,484.01,512,512
5.68,102,15,503.84,1024,512
36.12,132,20,876.19,1024,512
41.07,137,15,886.27,1024,512
2.25,16,9,432.1,512,512
1.65,12,15,360.02,512,512
3.41,35,17,435.82,1024,512
28.77,124,30,814.1,1024,512
26.55,148,23,781.02,1024,512
19.08,100,25,664.48,1024,512
32.66,153,23,852.03,1024,512
7.99,70,18,482.57,1024,512
35.1,129,23,926.65,1024,512
18.83,113,17,705.12,1024,512
23.79,104,20,762.8,1024,512
14.94,158,20,639.66,1024,512
36.46,163,20,915.55,1024,512
27.51,170,20,855.93,1024,512
16.84,90,24,743.69,1024,512
15.9,122,18,596.44,1024,512
41.32,138,14,976.99,1024,512
24.25,118,17,825.15,1024,512
11,114,18,526.9,1024,512
25.78,132,25,661.64,1024,512
9.01,77,15,509.2,1024,512
23.7,126,26,727.26,1024,512
9.46,56,14,512,1024,512
6.85,38,15,498.62,1024,512
10.35,105,14,542.96,1024,512
32.57,122,21,835.82,1024,512
10.46,75,13,520.7,1024,512
25.29,144,16,865.15,1024,512
23.29,152,18,786.43,1024,512
37.22,141,18,869.46,1024,512
39.08,137,17,954.53,1024,512
38.57,114,19,982.49,1024,512
40.51,141,18,927.71,1024,512
45.1,137,15,999.1,1024,512
44.17,145,14,997.99,1024,512
40.03,126,14,1004.68,1024,512
42.91,121,13,1014.69,1024,512
39.95,172,13,1011.28,1024,512
41.79,134,14,1013.17,1024,512
35.49,140,9,1019.27,1024,512
35.94,130,9,1024,1024,512
40.66,128,11,1021.01,1024,512
41.11,141,12,1024,1024,1024
38.58,141,11,1024,1024,1024
42.03,107,10,1024,1024,1024
42.49,136,8,1024,1024,1024
45.68,151,8,1024,1024,1024
47.41,130,7,1024,1024,1024
45.2,125,7,1024,1024,1024
43.18,131,7,1024,1024,1024
43.11,135,6,1024,1024,1024
43.2,141,8,1024,1024,1024
41.47,132,8,1024,1024,1024
41.5,177,10,1024,1024,1024
41.54,132,8,1024,1024,1024
40.42,127,7,1024,1024,1024
41.47,117,6,1024,1024,1024
39.99,116,6,1024,1024,1024
38.37,154,7,1024,1024,1024
37.74,129,7,1024,1024,1024
38.24,168,8,1024,1024,1024
35.32,106,7,1024,1024,1024
34,114,7,1024,1024,1024
32.89,117,8,1024,1024,1024
37.5,166,10,1024,1024,1024
39,104,9,1024,1024,1024
35.81,109,10,1024,1024,1024
37.63,179,8,1024,1024,1024
36.93,114,7,1024,1024,1024
38.93,153,7,1024,1024,1024
37.82,125,7,1024,1024,1024
38.29,123,7,1024,1024,1024
35.33,109,7,1024,1024,1024
36.26,151,7,1024,1024,1024
35.08,96,6,1024,1024,1024
34.5,107,6,1024,1024,1024
33.13,107,8,1024,1024,1024
33.9,129,6,1024,1024,1024
33.03,106,8,1024,1024,1024
33.29,115,8,1024,1024,1024
33.83,121,9,1024,1024,1024
32.04,120,8,1024,1024,1024
32.35,151,7,1024,1024,1024
31.92,132,6,1024,1024,1024
31,95,6,1024,1024,1024
29.88,103,8,1024,1024,1024
30.78,146,7,1024,1024,1024
31.03,115,7,1024,1024,1024
29.34,97,6,1024,1024,1024
28.31,110,6,1024,1024,1024
28.09,115,7,1024,1024,1024
26.4,103,9,1024,1024,1024
34.35,115,14,1024,1024,1024
26.01,141,10,1024,1024,1024
41.88,113,13,1024,1024,1024
45.55,114,12,1024,1024,1024
45.14,126,9,1024,1024,1024
51.27,129,12,1024,1024,1024
52.39,126,9,1024,1024,1024
51.45,132,10,1024,1024,1024
51.33,138,8,1024,1024,1024
52.22,106,9,1024,1024,1024
50.59,120,7,1024,1024,1024
54.12,119,7,1024,1024,1024
51.95,108,7,1024,1024,1024
50.44,112,6,1024,1024,1024
50.6,120,6,1024,1024,1024
49.47,121,6,1024,1024,1024
46.48,117,7,1024,1024,1024
48.92,111,7,1024,1024,1024
47.05,119,7,1024,1024,1024
48.49,110,7,1024,1024,1024
48.91,106,7,1024,1024,1024
46.86,112,6,1024,1024,1024
46.76,107,6,1024,1024,1024
43.34,90,7,1024,1024,1024
43.11,100,6,1024,1024,1024
43.41,113,7,1024,1024,1024
41.26,111,6,1024,1024,1024
40.36,114,6,1024,1024,1024
39.75,113,7,1024,1024,1024
38.64,91,6,1024,1024,1024
39.69,95,8,1024,1024,1024
38.91,99,6,1024,1024,1024
34.85,101,6,1024,1024,1024
35.41,94,7,1024,1024,1024
31.86,90,7,1024,1024,1024
33.5,104,8,1024,1024,1024
32.61,93,9,1024,1024,1024
32.47,100,8,1024,1024,1024
33.87,99,8,1024,1024,1024
33.36,93,7,1024,1024,1024
33.97,137,8,1024,1024,1024
32.83,88,7,1024,1024,1024
35.08,101,9,1024,1024,1024
32.66,81,9,1024,1024,1024
30.7,91,7,1024,1024,1024
34.95,105,11,1024,1024,1024
35.06,95,9,1024,1024,1024
33.04,96,6,1024,1024,1024
32.99,99,9,1024,1024,1024
33.49,101,10,1024,1024,1024
31.33,98,8,1024,1024,1024
33.11,110,8,1024,1024,1024
31.91,94,8,1024,1024,1024
32.08,99,7,1024,1024,1024
31.35,93,7,1024,1024,1024
30.38,80,8,1024,1024,1024
29.92,87,7,1024,1024,1024
28.15,81,8,1024,1024,1024
27.56,79,7,1024,1024,1024
27.93,85,7,1024,1024,1024
26.83,92,7,1024,1024,1024
26.67,93,7,1024,1024,1024
25.21,69,7,1024,1024,1024
39.17,86,12,1024,1024,1024
39.32,86,11,1024,1024,1024
38.99,139,11,1024,1024,1024
41.54,94,8,1024,1024,1024
40.46,80,8,1024,1024,1024
41.19,95,6,1024,1024,1024
42.21,141,6,1024,1024,1024
40.4,86,7,1024,1024,1024
39.78,77,7,1024,1024,1024
39.6,75,6,1024,1024,1024
38.45,90,6,1024,1024,1024
37.23,81,6,1024,1024,1024
37.02,70,6,1024,1024,1024
37.18,120,6,1024,1024,1024
35.29,76,7,1024,1024,1024
35.24,138,6,1024,1024,1024
33.69,73,7,1024,1024,1024
32.39,78,6,1024,1024,1024
31.55,98,6,1024,1024,1024
33.26,102,8,1024,1024,1024
32.63,74,7,1024,1024,1024
32.32,74,6,1024,1024,1024
31.1,65,7,1024,1024,1024
29.59,102,6,1024,1024,1024
29.57,91,6,1024,1024,1024
29.56,86,6,1024,1024,1024
29.53,63,7,1024,1024,1024
26.87,71,6,1024,1024,1024
26.48,56,6,1024,1024,1024
26.13,79,7,1024,1024,1024
26.63,109,7,1024,1024,1024
25.76,64,6,1024,1024,1024
25.54,70,6,1024,1024,1024
25.32,56,8,1024,1024,1024
26.41,104,11,1024,1024,1024
26.22,94,10,1024,1024,1024
21.13,72,7,1024,1024,1024
28.17,76,10,1024,1024,1024
29.17,97,9,1024,1024,1024
28.22,146,7,1024,1024,1024
29.06,88,8,1024,1024,1024
27.83,79,6,1024,1024,1024
26.43,70,6,1024,1024,1024
26.05,78,7,1024,1024,1024
24.57,100,6,1024,1024,1024
24.53,92,7,1024,1024,1024
23.77,72,6,1024,1024,1024
23.82,97,6,1024,1024,1024
23.49,100,7,1024,1024,1024
23.86,106,9,1024,1024,1024
20.89,131,7,1024,1024,1024
20.56,90,9,1024,1024,1024
20.26,102,10,1024,1024,1024
20.68,64,9,1024,1024,1024
20.56,84,8,1024,1024,1024
19.72,104,10,1024,1024,1024
20.35,132,8,1024,1024,1024
20.57,92,8,1024,1024,1024
20.2,75,8,1024,1024,1024
21.09,102,7,1024,1024,1024
18.89,128,7,1024,1024,1024
17.88,83,6,1024,1024,1024
17.18,71,8,1024,1024,1024
16.29,85,8,1024,1024,1024
17.48,92,11,1024,1024,1024
34.97,117,15,1024,1024,1024
16.41,88,10,1024,1024,1024
32.76,130,17,1024,1024,1024
13.58,76,10,1024,1024,1024
19.17,88,12,1024,1024,1024
18.01,90,13,1021.39,1024,1024
39.8,114,15,1024,1024,1024
26.15,94,11,1024,1024,1024
43.41,121,15,1024,1024,1024
41.13,117,15,1024,1024,1024
33.38,110,14,1024,1024,1024
41.36,114,14,1024,1024,1024
36.89,119,14,1024,1024,1024
38.82,109,12,1024,1024,1024
37.18,91,12,1024,1024,1024
41.66,118,14,1024,1024,1024
40.73,111,10,1024,1024,1024
43,116,9,1024,1024,1024
45.99,111,8,1024,1024,1024
44.38,105,8,1024,1024,1024
42.77,91,10,1024,1024,1024
45.56,128,7,1024,1024,1024
42.68,110,8,1024,1024,1024
44.63,112,9,1024,1024,1024
44.6,115,7,1024,1024,1024
43.18,105,8,1024,1024,1024
42.35,115,7,1024,1024,1024
40.28,97,6,1024,1024,1024
40.43,97,6,1024,1024,1024
39.43,99,7,1024,1024,1024
38.13,114,7,1024,1024,1024
36.67,104,6,1024,1024,1024
41.94,105,9,1024,1024,1024
37.42,87,6,1024,1024,1024
35.33,120,7,1024,1024,1024
36.1,109,9,1024,1024,1024
36.85,102,8,1024,1024,1024
35.98,88,9,1024,1024,1024
38.2,107,8,1024,1024,1024
38.06,94,8,1024,1024,1024
37.46,96,9,1024,1024,1024
38.18,87,8,1024,1024,1024
37.4,95,6,1024,1024,1024
36.34,93,7,1024,1024,1024
34.84,81,8,1024,1024,1024
35.89,92,7,1024,1024,1024
35.39,94,6,1024,1024,1024
32.55,98,7,1024,1024,1024
34.3,93,6,1024,1024,1024
32.57,90,7,1024,1024,1024
30.16,83,7,1024,1024,1024
30.49,87,7,1024,1024,1024
31.24,90,8,1024,1024,1024
31.77,85,7,1024,1024,1024
32.14,86,7,1024,1024,1024
30.03,88,7,1024,1024,1024
31.66,125,6,1024,1024,1024
30.14,77,6,1024,1024,1024
28.85,76,7,1024,1024,1024
28.3,125,7,1024,1024,1024
26.99,101,7,1024,1024,1024
27.79,90,8,1024,1024,1024
27.88,80,6,1024,1024,1024
31.46,86,11,1024,1024,1024
35.73,87,10,1024,1024,1024
31.74,85,10,1024,1024,1024
30.9,103,9,1024,1024,1024
35.06,119,11,1024,1024,1024
38.15,96,10,1024,1024,1024
35.7,114,12,1024,1024,1024
33.67,95,11,1024,1024,1024
33.03,86,10,1024,1024,1024
32.87,120,10,1024,1024,1024
35.09,73,11,1024,1024,1024
33.99,76,10,1024,1024,1024
35.47,74,8,1024,1024,1024
35.76,106,8,1024,1024,1024
34.87,83,7,1024,1024,1024
33.92,74,7,1024,1024,1024
34.23,102,7,1024,1024,1024
31.3,69,8,1024,1024,1024
30.91,75,6,1024,1024,1024
31.46,74,9,1024,1024,1024
31.31,72,7,1024,1024,1024
32.87,85,7,1024,1024,1024
30.92,99,7,1024,1024,1024
29.8,74,7,1024,1024,1024
28.22,65,8,1024,1024,1024
28.96,85,6,1024,1024,1024
27.57,60,6,1024,1024,1024
27.24,71,7,1024,1024,1024
26.08,75,7,1024,1024,1024
26.63,59,7,1024,1024,1024
23.69,66,7,1024,1024,1024
24.03,60,6,1024,1024,1024
24.37,96,8,1024,1024,1024
23.86,104,8,1024,1024,1024
27.47,66,9,1024,1024,1024
27.58,77,9,1024,1024,1024
25.59,66,7,1024,1024,1024
27.48,78,8,1024,1024,1024
26.59,81,10,1024,1024,1024
27.33,65,9,1024,1024,1024
26.48,76,8,1024,1024,1024
25.78,52,8,1024,1024,1024
27.34,77,8,1024,1024,1024
26.83,70,7,1024,1024,1024
27.06,90,7,1024,1024,1024
26.41,85,6,1024,1024,1024
26.79,78,7,1024,1024,1024
26.21,86,7,1024,1024,1024
25.32,83,7,1024,1024,1024
24.71,62,8,1024,1024,1024
23.67,66,7,1024,1024,1024
24.46,74,8,1024,1024,1024
23.4,85,7,1024,1024,1024
24.24,94,6,1024,1024,1024
23.52,88,6,1024,1024,1024
22.33,92,7,1024,1024,1024
20.38,76,7,1024,1024,1024
20.46,84,6,1024,1024,1024
20.78,80,6,1024,1024,1024
17.89,64,7,1024,1024,1024
17.08,65,7,1024,1024,1024
15.87,55,7,1024,1024,1024
17.6,92,7,1024,1024,1024
16.35,78,8,1024,1024,1024
16.3,82,7,1024,1024,1024
15.56,63,7,1024,1024,1024
23.18,82,14,1024,1024,1024
14.01,75,7,1024,1024,1024
16.55,68,10,1024,1024,1024
26.34,75,13,1024,1024,1024
19.19,67,13,1024,1024,1024
12.84,77,8,1024,1024,1024
10.83,76,12,1024,1024,1024
10.16,97,10,1021.55,1024,1024
23.46,85,16,1024,1024,1024
14.23,74,13,1024,1024,1024
24.51,73,13,1024,1024,1024
26.1,84,13,1024,1024,1024
11.85,61,10,1021.25,1024,1024
26.63,92,13,1024,1024,1024
25.19,61,12,1024,1024,1024
28.36,65,12,1024,1024,1024
28.25,75,15,1024,1024,1024
25.35,71,15,1024,1024,1024
23.76,77,12,1021.26,1024,1024
26.19,67,11,1024,1024,1024
23.56,74,11,1024,1024,1024
26.49,83,10,1024,1024,1024
27.02,71,10,1024,1024,1024
26.63,65,9,1024,1024,1024
27.42,64,8,1024,1024,1024
26.9,64,9,1024,1024,1024
25.49,58,8,1024,1024,1024
24.13,64,8,1024,1024,1024
24.53,66,8,1024,1024,1024
26.11,90,12,1024,1024,1024
24.48,70,9,1024,1024,1024
22.84,71,8,1024,1024,1024
26.77,79,11,1024,1024,1024
26.13,80,11,1024,1024,1024
24.16,70,9,1024,1024,1024
26.39,73,9,1024,1024,1024
27.32,69,8,1024,1024,1024
26.78,50,8,1024,1024,1024
27.21,62,8,1024,1024,1024
28.53,69,6,1024,1024,1024
28.9,77,7,1024,1024,1024
26.45,66,8,1024,1024,1024
26.61,69,6,1024,1024,1024
25.85,61,7,1024,1024,1024
25.49,81,6,1024,1024,1024
25.17,61,8,1024,1024,1024
24.57,60,7,1024,1024,1024
23.92,73,7,1024,1024,1024
26.06,68,7,1024,1024,1024
25.32,70,7,1024,1024,1024
24.65,57,6,1024,1024,1024
24.15,78,6,1024,1024,1024
23.26,81,7,1024,1024,1024
21.33,63,6,1024,1024,1024
20.13,58,7,1024,1024,1024
18.72,53,6,1024,1024,1024
17.96,54,8,1024,1024,1024
17.84,57,7,1024,1024,1024
16.92,54,7,1024,1024,1024
17.3,56,7,1024,1024,1024
16.92,54,6,1024,1024,1024
16.12,42,6,1024,1024,1024
16.01,57,6,1024,1024,1024
15.96,74,8,1024,1024,1024
15.1,66,7,1024,1024,1024
17.35,60,11,1024,1024,1024
25.87,55,11,1024,1024,1024
27.16,66,11,1024,1024,1024
28.51,62,8,1024,1024,1024
28.12,76,8,1024,1024,1024
28.55,68,7,1024,1024,1024
26.61,62,8,1024,1024,1024
26.42,67,7,1024,1024,1024
25.1,65,7,1024,1024,1024
24.89,63,7,1024,1024,1024
23.24,60,6,1024,1024,1024
22.7,56,7,1024,1024,1024
21.5,53,6,1024,1024,1024
21.49,60,7,1024,1024,1024
18.75,51,10,1024,1024,1024
20,55,11,1024,1024,1024
18.79,47,11,1024,1024,1024
18.9,61,12,1024,1024,1024
17.83,47,10,1024,1024,1024
18.09,45,8,1024,1024,1024
17.29,47,8,1024,1024,1024
17.46,43,9,1024,1024,1024
16.42,45,8,1024,1024,1024
17.05,43,9,1024,1024,1024
15.17,46,9,1024,1024,1024
15.91,49,8,1024,1024,1024
16.66,44,8,1024,1024,1024
15.38,47,8,1024,1024,1024
15.16,48,7,1024,1024,1024
15.37,49,8,1024,1024,1024
19.92,60,12,1024,1024,1024
14.01,44,8,1024,1024,1024
15.64,40,7,1024,1024,1024
14.58,49,7,1024,1024,1024
14.7,44,7,1024,1024,1024
16.29,43,8,1024,1024,1024
16.54,46,9,1024,1024,1024
11.99,42,7,1024,1024,1024
15.44,40,10,1024,1024,1024
11.87,38,9,1024,1024,1024
12.01,37,10,1024,1024,1024
12.99,39,10,1024,1024,1024
14.25,51,12,1024,1024,1024
12.38,86,12,1026.51,2048,1024
14.34,59,11,1024,1024,1024
11.63,31,11,1024,1024,1024
10.53,39,15,1024,1024,1024
9.69,27,12,1019.11,1024,1024
12.57,39,11,1024,1024,1024
9.94,28,8,1024,1024,1024
11.19,33,11,1024,1024,1024
9.48,30,8,1024,1024,1024
10.48,42,9,1024,1024,1024
12.03,39,10,1024,1024,1024
11.21,92,11,1026.47,2048,1024
9.97,29,11,1021.54,1024,1024
9.47,36,10,1024,1024,1024
14.14,62,13,1026.43,2048,1024
10.51,28,8,1024,1024,1024
11.01,146,8,1028.89,2048,1024
9.26,60,7,1024,1024,1024
8.97,26,7,1024,1024,1024
9.09,62,10,1026.42,2048,1024
8.49,31,11,1021.58,1024,1024
9.78,152,10,1024,2048,1024
7,39,9,1011.84,1024,1024
6.31,23,9,1016.86,1024,1024
6.96,24,11,1014.52,1024,1024
6.34,34,11,1012.09,1024,1024
43.4,187,21,1584.71,2048,1024
7.23,28,10,1017.6,1024,1024
7.71,25,9,1016.84,1024,1024
7.06,30,8,1019.2,1024,1024
6.15,20,9,1021.61,1024,1024
6.9,48,9,1014.52,1024,1024
6.91,20,12,1024,1024,1024
13.27,160,17,1119.26,2048,1024
5.91,32,10,1016.53,1024,1024
6.96,86,14,1024,2048,1024
4.72,55,8,993.04,1024,1024
4.61,21,9,1007.56,1024,1024
4.54,19,9,1012.28,1024,1024
20.57,137,21,1202.09,2048,1024
6.02,68,12,1002.94,2048,1024
11.9,121,21,1111.7,2048,1024
15.81,114,16,1093.09,2048,1024
25.8,166,16,1374.65,2048,1024
43.19,142,16,1751.51,2048,1024
7.53,38,16,988.91,1024,1024
23.3,120,25,1357.34,2048,1024
6.21,20,13,996.77,1024,1024
7.41,86,17,1016.87,2048,1024
7.09,70,12,1024,2048,1024
8.02,107,13,1016.84,2048,1024
7.5,51,10,1021.6,2048,1024
6.93,26,9,1021.61,2048,1024
7.81,92,9,1033.53,2048,1024
41.88,137,17,1889.72,2048,1024
35,145,16,1610.04,2048,1024
34.29,109,17,1611.69,2048,1024
40.83,139,19,1806.71,2048,1024
49.64,119,13,1860.68,2048,1024
48.33,155,13,1942.89,2048,1024
54.05,121,10,2007.84,2048,1024
50.02,142,10,2008.89,2048,1024
52.39,150,9,2027.52,2048,1024
53.48,145,9,2034.02,2048,1024
53.91,144,6,2044.47,2048,2048
52.52,122,6,2048,2048,2048
52.15,169,7,2048,2048,2048
52.05,176,7,2048,2048,2048
50.76,164,8,2048,2048,2048
49.79,133,8,2048,2048,2048
48.55,158,7,2048,2048,2048
45.81,139,7,2048,2048,2048
47.47,125,8,2048,2048,2048
49.86,166,7,2048,2048,2048
47.03,163,7,2048,2048,2048
50.8,150,6,2048,2048,2048
49.06,134,6,2048,2048,2048
46.57,137,10,2048,2048,2048
47.92,129,8,2048,2048,2048
43.77,160,8,2048,2048,2048
42.41,142,7,2048,2048,2048
48.42,172,10,2048,2048,2048
45.31,132,9,2048,2048,2048
44.1,139,9,2048,2048,2048
47.45,139,10,2048,2048,2048
48.39,151,9,2048,2048,2048
51.06,147,11,2048,2048,2048

