Sitrep,Report_date,Publication_date,Provinces,Zones,Confirmed,Deaths,cfr_pct tasa mortalitat,in_isolation,Recovered,,,,Status
55,7/8/2026,7/9/2026,3,37,1792,625,34.9,764,295,,,,provisional
56,7/9/2026,7/10/2026,3,37,1830,648,35.4,780,300,,,,final
57,7/10/2026,7/11/2026,5,41,1873,672,35.9,763,306,,,,provisional
58,7/11/2026,7/12/2026,5,42,1926,702,36.4,753,318,,,,provisional
59,7/12/2026,7/13/2026,5,42,1963,719,36.6,736,333,,,,final
60,7/13/2026,7/14/2026,5,45,2011,754,37.5,753,366,,,,provisional
61,7/14/2026,7/15/2026,5,45,2073,796,38.4,737,377,,,,provisional
62,7/15/2026,7/16/2026,5,46,2124,828,39,725,390,,,,provisional
63,7/16/2026,7/17/2026,5,,2181,,,,,,,,missing
64,7/17/2026,7/18/2026,5,46,2267,893,39.4,722,412,,,,final
65,7/18/2026,7/19/2026,5,46,2344,930,39.7,724,466,,,,provisional
66,7/19/2026,7/20/2026,5,47,2423,967,39.9,734,469,,,,final
67,7/20/2026,7/21/2026,5,47,2473,999,40.4,737,482,,,,unverified
68,7/21/2026,7/22/2026,5,47,2536,1033,40.7,738,506,,,,unverified
69,7/22/2026,7/23/2026,5,47,2905,1269,43.7,722,519,,,,unverified
70,7/23/2026,7/24/2026,5,48,2973,1309,44,766,540,,,,unverified
71,7/24/2026,7/25/2026,5,48,3075,1354,44,755,556,,,,unverified
72,7/25/2026,7/26/2026,5,48,3200,1405,43.9,773,571,,,,unverified
73,7/26/2026,7/27/2026,5,48,3262,1437,44.1,723,583,,,,unverified
74,7/27/2026,7/28/2026,5,48,3360,1487,44.3,733,597,,,,unverified
77,7/30/2026,7/31/2026,5,49,3605,1587,44,748,651,,,,unverified
78,7/31/2026,8/1/2026,5,49,3674,1621,44.1,760,666,,,,unverified
79,8/1/2026,8/2/2026,5,49,3748,1657,44.2,690,708,,,,unverified
80,8/2/2026,8/3/2026,5,51,3802,1707,44.9,707,727,,,,unverified
81,8/3/2026,8/4/2026,5,51,3874,1751,45.1,717,749,,,,unverified
82,8/4/2026,8/5/2026,5,51,3973,1801,45.3,674,776,,,,unverified
86,8/8/2026,8/9/2026,,,4209,1916,45.5,595,828,,,,unverified
87,8/9/2026,8/10/2026,,,4381,2011,45.9,704,869,,,,unverified
88,8/10/2026,8/11/2026,,,4449,2061,46.3,716,886,,,,unverified
89,8/11/2026,8/12/2026,5,53,4566,2128,46.6,570,918,,,,unverified
93,8/15/2026,8/16/2026,6,55,4945,2325,47,730,1040,,,,unverified
95,8/17/2026,8/18/2026,6,55,5105,2420,47.4,782,1091,,,,unverified
97,8/19/2026,8/20/2026,6,56,5290,2516,47.6,837,1152,,,,unverified
98,8/20/2026,8/21/2026,6,56,5375,2557,47.6,737,1167,,,,unverified
100,8/22/2026,8/23/2026,6,57,5514,2642,47.9,808,1200,,,,unverified
102,8/24/2026,8/25/2026,6,58,5656,2715,48,792,1245,,,,unverified
103,8/25/2026,8/26/2026,6,58,5713,2755,48.2,770,1269,,,,unverified
104,8/26/2026,8/27/2026,6,60,5794,2786,48.1,843,1293,,,,unverified
106,8/28/2026,8/29/2026,6,60,5945,2862,48.1,896,1327,,,,unverified
108,8/30/2026,8/31/2026,6,60,6100,2950,48.4,814,1383,,,,unverified
109,8/31/2026,9/1/2026,6,60,6186,3007,48.6,830,1409,,,,unverified
110,9/1/2026,9/2/2026,6,60,6250,3039,48.6,869,1439,,,,unverified
111,9/2/2026,9/3/2026,6,60,6342,3072,48.4,770,1475,,,,unverified
112,9/3/2026,9/4/2026,6,60,6436,3095,48.1,738,1495,,,,unverified
113,9/4/2026,9/5/2026,6,61,6522,3134,48.1,817,1516,,,,unverified
114,9/5/2026,9/6/2026,6,61,6604,3175,48.1,851,1548,,,,final
115,9/6/2026,9/7/2026,6,61,6686,3226,48.3,819,1563,,,,unverified
116,9/7/2026,9/8/2026,6,61,6757,3267,48.3,813,1590,,,,unverified
117,9/8/2026,9/9/2026,6,61,6843,3310,48.4,833,1611,,,,unverified
118,9/9/2026,9/10/2026,6,61,6942,3349,48.2,823,1647,,,,unverified
119,9/10/2026,9/11/2026,7,62,7022,3398,48.4,837,1671,,,,unverified
122,9/13/2026,9/14/2026,7,62,7258,3510,48.4,905,1726,,,,unverified
124,9/15/2026,9/16/2026,7,62,7404,3577,48.3,930,1776,,,,unverified
125,9/16/2026,9/17/2026,7,62,7475,,,905,1798,,,,unverified
128,9/19/2026,9/20/2026,7,63,7672,3699,48.2,886,1879,,,,unverified
129,9/20/2026,9/21/2026,7,63,7733,3732,48.3,821,1902,,,,final
130,9/21/2026,9/22/2026,7,63,7773,3759,48.4,839,1935,,,,final
